id,name,category,indoor,neighborhood,transit,price_level,duration_hours,best_for,highlights,tips,text
TOR_001,Royal Ontario Museum,museum,true,Downtown,subway,medium,2,family;solo,"Dinosaurs, world cultures, interactive exhibits","Buy tickets online to skip lines","Royal Ontario Museum is a large indoor museum in Downtown Toronto near subway access. It is medium priced and great for families or solo travelers. Highlights include dinosaur fossils and world culture exhibits. Plan about 2 hours and buy tickets online to skip lines."
TOR_002,Distillery District,shopping,false,Old Toronto,streetcar,low,2,date;friends,"Historic streets, cafes, art galleries","Best visited in afternoon for photos","Distillery District is an outdoor historic pedestrian area in Old Toronto. It is low cost and perfect for couples or friends. Expect art galleries, cafes and cobblestone streets. Best visited in the afternoon."
TOR_003,CN Tower,landmark,true,Downtown,subway,high,1,family;solo,"SkyPod view, glass floor","Book tickets early morning to avoid crowds","CN Tower is an iconic indoor observation tower in Downtown Toronto with subway access. It is high priced but offers amazing skyline views. Expect about 1 hour visit."
TOR_004,Ripley’s Aquarium,attraction,true,Downtown,subway,medium,2,family,"Underwater tunnel, sharks","Arrive early to avoid peak crowds","Ripley’s Aquarium is a family friendly indoor attraction near CN Tower. Medium price and ideal for kids. Plan around 2 hours."
TOR_005,High Park,park,false,West End,subway,low,2,family;solo,"Nature trails, cherry blossoms","Spring cherry blossom season is busiest","High Park is a large outdoor park accessible by subway in the West End. Free to visit and great for walking or picnics."
TOR_006,St Lawrence Market,food,true,Downtown,streetcar,low,1,foodies,"Local food vendors, peameal bacon sandwich","Go before lunch rush","St Lawrence Market is an indoor food market in Downtown Toronto. Low cost and perfect for food lovers. Visit before lunch rush."
TOR_007,Toronto Islands,park,false,Harbourfront,ferry,low,4,family;date,"Beach, skyline view, biking","Take the ferry early morning","Toronto Islands are outdoor islands accessible by ferry. Low cost and ideal for half day trips with biking and beaches."
TOR_008,Aga Khan Museum,museum,true,North York,bus,medium,2,solo;date,"Islamic art, modern architecture","Combine with nearby park visit","Aga Khan Museum is an indoor museum in North York featuring Islamic art and architecture."
TOR_009,Kensington Market,shopping,false,Downtown,streetcar,low,2,friends,"Vintage shops, street art","Best visited daytime","Kensington Market is an outdoor neighborhood famous for vintage shops and street art."
TOR_010,Art Gallery of Ontario,museum,true,Downtown,subway,medium,2,solo;date,"Canadian art, modern art","Free entry certain evenings","Art Gallery of Ontario is a major indoor museum in Downtown Toronto with modern and Canadian art collections."
TOR_011,Casa Loma,landmark,true,Midtown,bus,medium,2,family;date,"Historic castle, gardens","Visit early to avoid crowds","Casa Loma is a historic indoor castle with impressive gardens located in Midtown Toronto. It offers guided tours and scenic views."
TOR_012,Eaton Centre,shopping,true,Downtown,streetcar,medium,3,shopping;friends,"Large shopping mall, food court","Visit weekdays to avoid crowds","Eaton Centre is one of Toronto’s largest indoor shopping malls in Downtown, with extensive shops and eateries."
TOR_013,Toronto Zoo,attraction,false,Scarborough,bus,medium,4,family,"Wildlife exhibits, kids zone","Wear comfortable shoes","Toronto Zoo has a wide range of animal exhibits and outdoor kid-friendly zones, great for a full day visit."
TOR_014,Allan Gardens,park,true,Downtown,streetcar,low,1,family;solo,"Victorian greenhouses, seasonal blooms","Check greenhouse schedules","Allan Gardens is an indoor garden conservatory in Downtown Toronto, featuring plants from around the world."
TOR_015,Bata Shoe Museum,museum,true,North York,bus,low,1,family;solo,"Shoe history, quirky exhibits","Fun for fashion lovers","Bata Shoe Museum showcases global footwear history and is a unique indoor museum destination."
TOR_016,Hockey Hall of Fame,attraction,true,Downtown,subway,medium,1,date;friends,"Hockey artifacts, Stanley Cup","Combine with nearby attractions","Hockey Hall of Fame has interactive exhibits and showcases the historic Stanley Cup."
TOR_017,Toronto Waterfront,park,false,Harbourfront,streetcar,low,2,date;friends,"Lake Ontario views, stroll paths","Best at sunset","Toronto Waterfront offers scenic outdoor walking paths, lake views and sunset spots."
TOR_018,Dundas Square,landmark,false,Downtown,subway,low,1,friends;date,"City lights, events","Check event calendar","Dundas Square is an outdoor urban plaza with frequent public events and bright city lights in Downtown Toronto."
TOR_019,Gooderham Building,landmark,false,Downtown,streetcar,low,0.5,solo;friends,"Historic architecture, photos","Great quick stop","Gooderham Building is a historic flatiron-style building in Downtown perfect for a short photo stop."
TOR_020,Toronto Sign,landmark,false,Downtown,streetcar,low,1,family;friends,"Iconic city sign, photos","Best for sunrise/sunset","The Toronto Sign at Nathan Phillips Square makes a classic city photo spot and public gathering place."
TOR_021,Ontario Science Centre,attraction,true,North York,bus,medium,3,family;solo,"Interactive exhibits, planetarium","Allow extra time for exhibits","Ontario Science Centre has hands-on science displays and a planetarium for educational fun."
TOR_022,Sugar Beach,park,false,East Bayfront,streetcar,low,1,date;family,"Beach park, pink umbrellas","Great in warm weather","Sugar Beach is a small sandy urban beach park with iconic umbrellas and Lake Ontario views."
TOR_023,Little Canada,attraction,true,Downtown,subway,medium,1,friends;date,"Miniature Canada, exhibits","Fun interactive displays","Little Canada is an indoor interactive miniature exhibit of Canadian landmarks."
TOR_024,PATH Underground,landmark,true,Downtown,subway,medium,2,shopping;solo,"Underground city, shops","Explore during winter","PATH Underground is Toronto’s extensive indoor underground shopping network."
TOR_025,Ferry to Centreville,attraction,false,Harbourfront,ferry,low,3,family,"Family amusement park, rides","Go early before queues","Take a ferry to Centreville Amusement Park on the islands for rides and family fun."
TOR_026,Niagara Falls,day_trip,false,Outside,ferry/bus,medium,8,date;family,"Massive waterfalls, scenic views","Best day trip from Toronto","Niagara Falls is a world-famous waterfall destination often taken as a day trip from Toronto."
TOR_027,Fort York Historic Site,landmark,false,Downtown,streetcar,low,1.5,family;solo,"Historic fort, exhibits","Bring water and wear shoes","Fort York Historic Site offers outdoor historical fortification and interpretive exhibits."
TOR_028,Queen’s Park,park,false,Downtown,subway,low,1,solo;date,"Government buildings, greenery","Nice walking paths","Queen’s Park is an outdoor green space around Ontario legislative buildings, great for a short stroll."
TOR_029,Little Italy,neighborhood,false,West End,streetcar,low,2,date;friends,"Italian restaurants, cafes","Best for food crawl","Little Italy is a vibrant outdoor neighborhood known for Italian eateries and cafes."
TOR_030,PATH Coffee Crawl,tour,TRUE,Downtown,subway,medium,2,foodies;friends,"Specialty coffee shops, local roasters","Plan coffee stops ahead","PATH Coffee Crawl is an indoor walking tour of key specialty coffee spots throughout Toronto’s underground network."
TOR_031,Stackt Market,shopping,false,Downtown,streetcar,low,2,friends;date,"Shipping container shops, food stalls","Great for weekend visits","Stackt Market is an outdoor shopping and food market made of shipping containers in Downtown Toronto. It is low cost and perfect for friends or casual dates."
TOR_032,Evergreen Brick Works,park,false,Midtown,bus,low,3,family;solo,"Farmers market, hiking trails","Visit on weekends for market","Evergreen Brick Works is an outdoor eco park with trails and weekend markets."
TOR_033,Scarborough Bluffs,park,false,Scarborough,bus,low,2,date;solo,"Cliff views, beaches","Bring water and sunscreen","Scarborough Bluffs offer stunning cliffside lake views and beaches."
TOR_034,Tommy Thompson Park,park,false,East End,bike,low,3,solo;friends,"Bird watching, trails","Best for cycling","Tommy Thompson Park is a nature reserve ideal for biking and bird watching."
TOR_035,Black Creek Pioneer Village,museum,false,North York,bus,medium,3,family,"Historic village, reenactments","Check seasonal hours","Black Creek Pioneer Village is a living history outdoor museum."
TOR_036,The Well,shopping,true,Downtown,streetcar,medium,2,friends,"Modern shopping complex","Visit evening for lights","The Well is a new mixed-use indoor shopping and dining destination."
TOR_037,Union Station Food Court,food,true,Downtown,subway,low,1,foodies,"Global food stalls","Great quick lunch stop","Union Station food court offers diverse quick eats."
TOR_038,Le Germain Rooftop Bar,nightlife,true,Downtown,subway,high,2,date,"Skyline views, cocktails","Reserve seats ahead","Le Germain rooftop bar offers indoor lounge and skyline views."
TOR_039,Second City Toronto,entertainment,true,Downtown,streetcar,medium,2,date;friends,"Comedy shows, improv","Book tickets early","Second City Toronto offers live improv comedy shows."
TOR_040,The Rec Room,entertainment,true,Downtown,subway,medium,3,friends,"Arcade games, dining","Best evening activity","The Rec Room is an indoor entertainment complex with games and food."
TOR_041,Steam Whistle Brewery,tour,true,Downtown,subway,medium,1,friends,"Brewery tours, tastings","Book guided tours","Steam Whistle Brewery offers indoor beer tours near CN Tower."
TOR_042,Distillery Winter Village,festival,false,Old Toronto,streetcar,medium,2,date,"Christmas market, lights","Visit at night","Distillery Winter Village hosts a seasonal Christmas market."
TOR_043,Harbourfront Centre,entertainment,false,Harbourfront,streetcar,low,2,friends,"Festivals, lakefront","Check event schedule","Harbourfront Centre hosts seasonal festivals and concerts."
TOR_044,Polson Pier,landmark,false,Downtown,bus,low,1,date,"Skyline photo spot","Best at night","Polson Pier is a famous Toronto skyline viewpoint."
TOR_045,Chinatown Toronto,food,false,Downtown,streetcar,low,2,foodies,"Asian restaurants, markets","Best for food crawl","Chinatown offers diverse authentic Asian cuisine."
TOR_046,Greektown,food,false,East End,subway,medium,2,date;friends,"Greek restaurants","Visit for dinner","Greektown is a vibrant dining neighborhood."
TOR_047,Little Portugal,food,false,West End,streetcar,low,2,friends,"Cafes, bakeries","Explore cafes","Little Portugal offers cozy cafes and bakeries."
TOR_048,The Beaches,park,false,East End,streetcar,low,2,date;family,"Boardwalk, sandy beach","Great in summer","The Beaches area offers long boardwalks and beaches."
TOR_049,Winter Village at Evergreen,festival,false,Midtown,bus,low,2,family,"Winter skating, market","Dress warm","Evergreen hosts a winter village festival."
TOR_050,Nathan Phillips Ice Rink,activity,false,Downtown,subway,low,2,date;family,"Outdoor skating","Bring skates or rent","Ice skating at Nathan Phillips Square is a winter favorite."
TOR_051,Escape Manor,entertainment,true,Downtown,subway,medium,1,friends,"Escape rooms","Book in advance","Escape Manor offers indoor escape room challenges."
TOR_052,VRPlayin Toronto,entertainment,true,Downtown,subway,medium,1,friends,"Virtual reality games","Reserve sessions","VRPlayin offers immersive VR experiences."
TOR_053,The Drake Hotel,nightlife,true,West End,streetcar,medium,2,date,"Live music, rooftop","Check live music nights","The Drake Hotel hosts music and nightlife events."
TOR_054,Horseshoe Tavern,nightlife,true,Downtown,streetcar,low,2,friends,"Live concerts","Arrive early","Horseshoe Tavern is a famous live music venue."
TOR_055,Royal Conservatory of Music,entertainment,true,Downtown,subway,medium,2,date,"Concert hall","Check concert schedule","Royal Conservatory hosts classical concerts."
TOR_056,Spadina House,museum,true,Midtown,bus,low,1,solo,"Historic house museum","Combine with Casa Loma","Spadina House is a historic mansion museum."
TOR_057,Trillium Park,park,false,West End,streetcar,low,1,solo;date,"Lake views","Great sunset spot","Trillium Park offers scenic waterfront views."
TOR_058,Sunnyside Pavilion,park,false,West End,streetcar,low,2,date,"Beach, cycling","Best in summer","Sunnyside Pavilion is a waterfront recreation area."
TOR_059,Toronto Botanical Garden,park,false,North York,bus,low,1,solo,"Gardens, nature walks","Visit spring or summer","Toronto Botanical Garden offers peaceful garden walks."
TOR_060,Ontario Place,park,false,West End,streetcar,low,3,family,"Waterfront park","Check events","Ontario Place hosts outdoor events and festivals."
TOR_061,Roundhouse Park,park,false,Downtown,streetcar,low,1,family,"Trains, green space","Good for kids","Roundhouse Park is a small outdoor park near CN Tower featuring historic trains and open lawns."
TOR_062,Canada’s Wonderland,amusement_park,false,North,bus,high,6,family;friends,"Roller coasters, rides","Arrive early","Canada’s Wonderland is a large amusement park north of Toronto perfect for thrill seekers."
TOR_063,Vaughan Mills Mall,shopping,true,North,bus,medium,3,friends,"Outlet shopping","Visit weekdays","Vaughan Mills is a large indoor outlet mall."
TOR_064,Woodbine Beach,park,false,East End,streetcar,low,2,date;family,"Beach volleyball, boardwalk","Great in summer","Woodbine Beach is a popular summer beach destination."
TOR_065,Cherry Beach,park,false,Port Lands,bus,low,2,friends,"Relaxed beach vibe","Bring snacks","Cherry Beach is a quiet beach perfect for relaxing."
TOR_066,Rouge National Urban Park,park,false,East,bus,low,4,solo;family,"Hiking, wildlife","Wear hiking shoes","Rouge Park is a large natural park ideal for hiking."
TOR_067,Evergreen Brick Works Farmers Market,food,false,Midtown,bus,low,2,foodies,"Local vendors","Open weekends","Farmers market at Evergreen Brick Works offers local food and produce."
TOR_068,Stakt Night Market,food,false,Downtown,streetcar,low,2,friends,"Street food","Visit evenings","Stackt hosts seasonal night markets."
TOR_069,Elgin Theatre,entertainment,true,Downtown,subway,medium,2,date,"Historic theatre","Book tickets","Elgin Theatre hosts musicals and shows."
TOR_070,Massey Hall,entertainment,true,Downtown,subway,medium,2,friends,"Concert venue","Check concerts","Massey Hall is a famous live music venue."
TOR_071,Toronto Symphony Orchestra,entertainment,true,Downtown,subway,high,2,date,"Classical concerts","Dress smart casual","TSO performs at Roy Thomson Hall."
TOR_072,Roy Thomson Hall,landmark,true,Downtown,subway,medium,1,solo,"Concert hall architecture","Visit for concerts","Roy Thomson Hall is a modern concert venue."
TOR_073,TIFF Bell Lightbox,entertainment,true,Downtown,subway,medium,2,solo;date,"Film screenings","Check film schedule","TIFF Bell Lightbox screens films year round."
TOR_074,Hot Docs Cinema,entertainment,true,Downtown,streetcar,low,2,solo,"Documentary films","Visit evenings","Hot Docs Cinema screens documentaries."
TOR_075,Sherway Gardens,shopping,true,Etobicoke,bus,medium,2,shopping,"Upscale mall","Visit weekday mornings","Sherway Gardens is an upscale shopping mall."
TOR_076,Yorkdale Mall,shopping,true,North York,subway,high,3,shopping,"Luxury brands","Avoid weekends","Yorkdale Mall features luxury shopping."
TOR_077,Pacific Mall,shopping,true,Markham,bus,low,2,friends,"Asian mall","Bring cash","Pacific Mall is a large Asian shopping center."
TOR_078,CF Shops at Don Mills,shopping,false,North York,bus,medium,2,date,"Outdoor shopping","Visit evening","CF Shops at Don Mills is an outdoor lifestyle mall."
TOR_079,Kaboom Chicken,food,true,Downtown,streetcar,low,1,foodies,"Korean fried chicken","Try spicy flavor","Kaboom Chicken serves popular Korean fried chicken."
TOR_080,Ramen Isshin,food,true,Downtown,subway,low,1,foodies,"Japanese ramen","Expect queues","Ramen Isshin is a popular ramen restaurant."
TOR_081,Seven Lives Tacos,food,true,Kensington,streetcar,low,1,foodies,"Fish tacos","Go early","Seven Lives serves famous tacos."
TOR_082,PAI Northern Thai Kitchen,food,true,Downtown,streetcar,medium,1.5,date,"Thai cuisine","Reserve seats","PAI offers authentic Thai dishes."
TOR_083,Banh Mi Boys,food,true,Downtown,streetcar,low,1,foodies,"Vietnamese sandwiches","Quick lunch","Banh Mi Boys offers quick bites."
TOR_084,Ed’s Real Scoop,food,true,West End,streetcar,low,1,friends,"Ice cream","Try seasonal flavors","Ed’s Real Scoop is known for ice cream."
TOR_085,SOMA Chocolatemaker,food,true,Distillery,streetcar,low,1,date,"Artisan chocolate","Try hot chocolate","SOMA is famous for artisan chocolate."
TOR_086,The Broadview Hotel Rooftop,nightlife,true,East End,streetcar,medium,2,date,"City views","Reserve seats","Broadview rooftop offers skyline views."
TOR_087,BarChef,nightlife,true,Downtown,streetcar,high,2,date,"Creative cocktails","Dress smart","BarChef is a premium cocktail bar."
TOR_088,The Pilot,nightlife,true,Yorkville,subway,medium,2,friends,"Rooftop patio","Great summer spot","The Pilot has a popular rooftop patio."
TOR_089,Amsterdam Brewhouse,nightlife,true,Harbourfront,streetcar,medium,2,friends,"Lakefront brewery","Try beer flights","Amsterdam Brewhouse offers lake views and craft beer."
TOR_090,The Porch,nightlife,true,Downtown,streetcar,medium,2,date,"Rooftop bar","Best sunset views","The Porch offers rooftop drinks with skyline views."
TOR_091,Rebel Nightclub,nightlife,true,Port Lands,bus,high,3,friends,"Large dance club, DJs","Arrive before midnight","Rebel is one of Toronto’s largest nightlife venues with DJs and dance floors."
TOR_092,History Toronto,entertainment,true,East End,bus,medium,2,friends,"Live concerts","Check show calendar","History is a modern concert venue hosting major artists."
TOR_093,Scotiabank Arena,entertainment,true,Downtown,subway,high,3,family;friends,"Sports games, concerts","Arrive early for security","Scotiabank Arena hosts major sports and concert events."
TOR_094,Rogers Centre,entertainment,true,Downtown,subway,high,3,family;friends,"Baseball games, stadium tours","Check Blue Jays schedule","Rogers Centre is a major stadium with a retractable roof."
TOR_095,BMO Field,entertainment,false,West End,streetcar,medium,3,friends,"Soccer matches","Wear team colors","BMO Field hosts Toronto FC matches."
TOR_096,Toronto Raptors Game,entertainment,true,Downtown,subway,high,3,friends,"NBA games","Buy tickets early","Watch the Toronto Raptors play live basketball."
TOR_097,Toronto Blue Jays Game,entertainment,true,Downtown,subway,medium,3,family,"Baseball games","Try stadium snacks","Watch the Blue Jays play baseball."
TOR_098,Toronto FC Game,entertainment,false,West End,streetcar,medium,3,friends,"Soccer atmosphere","Arrive early","Experience a Toronto FC soccer match."
TOR_099,Medieval Times Dinner,entertainment,true,Exhibition,bus,high,2,family,"Dinner show, knights","Arrive early","Medieval Times offers dinner and live medieval shows."
TOR_100,Illusionarium Toronto,entertainment,true,Downtown,subway,medium,1,family,"Magic shows","Great rainy day activity","Illusionarium hosts live magic performances."
TOR_101,The ROM After Dark,event,true,Downtown,subway,high,3,date,"Museum nightlife event","Check event dates","ROM After Dark offers themed evening museum parties."
TOR_102,Toronto Light Festival,festival,false,Distillery,streetcar,low,2,date,"Winter light art","Visit after sunset","Toronto Light Festival features outdoor light installations."
TOR_103,Toronto Jazz Festival,festival,false,Downtown,streetcar,medium,3,friends,"Live jazz music","Check summer schedule","Toronto Jazz Festival hosts concerts across the city."
TOR_104,Caribana Festival,festival,false,Citywide,bus,medium,4,friends,"Caribbean parade","Book early","Caribana is a large summer Caribbean festival."
TOR_105,Toronto Pride Parade,festival,false,Downtown,subway,low,3,friends,"Pride celebrations","Expect crowds","Toronto Pride Parade is one of the largest in the world."
TOR_106,Toronto International Film Festival,festival,true,Downtown,subway,high,3,solo;date,"Film premieres","Book early","TIFF brings global film premieres each September."
TOR_107,Winterlicious,festival,true,Citywide,subway,medium,2,date,"Restaurant festival","Reserve early","Winterlicious offers prix fixe dining across Toronto."
TOR_108,Summerlicious,festival,true,Citywide,subway,medium,2,date,"Restaurant festival","Book restaurants early","Summerlicious showcases Toronto restaurants."
TOR_109,Toronto Christmas Market,festival,false,Distillery,streetcar,medium,2,date,"Holiday market","Visit evenings","Toronto Christmas Market offers festive shopping and lights."
TOR_110,Cabbagetown Festival,festival,false,Downtown,streetcar,low,2,friends,"Street festival","Check fall dates","Cabbagetown Festival celebrates local culture."
TOR_111,Queen Street West,shopping,false,Downtown,streetcar,low,2,friends,"Boutiques, street art","Explore side streets","Queen Street West is a trendy shopping area."
TOR_112,Yorkville Village,shopping,false,Downtown,subway,high,2,date,"Luxury shopping","Window shop","Yorkville Village features luxury boutiques."
TOR_113,The Well Food Hall,food,true,Downtown,streetcar,medium,1.5,foodies,"Food hall","Visit lunch time","The Well food hall hosts diverse vendors."
TOR_114,Eataly Toronto,food,true,Downtown,subway,medium,2,date,"Italian food market","Try pasta","Eataly offers Italian dining and shopping."
TOR_115,Storm Crow Manor,food,true,Downtown,streetcar,medium,2,friends,"Geek themed dining","Make reservations","Storm Crow Manor offers themed dining experiences."
TOR_116,The Burger’s Priest,food,true,Citywide,subway,low,1,friends,"Classic burgers","Try secret menu","The Burger’s Priest serves classic burgers."
TOR_117,Tim Hortons Flagship,food,true,Downtown,subway,low,1,solo,"Canadian coffee","Try Timbits","Visit the flagship Tim Hortons location."
TOR_118,Trinity Bellwoods Park,park,false,West End,streetcar,low,2,friends,"Picnics, dog park","Busy weekends","Trinity Bellwoods is a popular picnic park."
TOR_119,Bellwoods Brewery,food,true,West End,streetcar,medium,2,friends,"Craft beer","Try tasting flights","Bellwoods Brewery serves craft beer."
TOR_120,Evergreen Skate Trail,activity,false,Midtown,bus,low,2,date,"Winter skating trail","Dress warm","Evergreen Brick Works hosts a winter skating trail."
TOR_121,Riverdale Farm,park,false,East End,streetcar,low,1.5,family,"Farm animals, city views","Great for kids","Riverdale Farm is a free urban farm with animals and walking paths."
TOR_122,Riverdale Park East,park,false,East End,streetcar,low,1.5,date,"Skyline view hill","Best at sunset","Riverdale Park East offers one of the best skyline views."
TOR_123,Corktown Common,park,false,Downtown,streetcar,low,1.5,family,"Playground, green space","Bring picnic","Corktown Common is a modern urban park."
TOR_124,Sherbourne Common,park,false,Downtown,streetcar,low,1,date,"Waterfront park","Nice night lights","Sherbourne Common is a waterfront park with light features."
TOR_125,Grange Park,park,false,Downtown,streetcar,low,1,family,"Playground, lawns","Combine with AGO","Grange Park is a small park next to the AGO."
TOR_126,Philosopher’s Walk,park,false,Downtown,subway,low,1,solo,"Quiet trail","Great fall colors","Philosopher’s Walk is a peaceful walking path near UofT."
TOR_127,Edwards Gardens,park,false,North York,bus,low,1.5,date,"Flower gardens","Visit spring","Edwards Gardens features beautiful landscaped gardens."
TOR_128,Wilket Creek Park,park,false,North York,bus,low,2,solo,"Hiking trails","Wear hiking shoes","Wilket Creek Park offers forest hiking trails."
TOR_129,Sunnybrook Park,park,false,North York,bus,low,2,family,"Large green space","Great picnic spot","Sunnybrook Park is a large park with trails."
TOR_130,Humber Bay Park,park,false,Etobicoke,bus,low,2,date,"Lake views","Great sunrise","Humber Bay Park offers scenic lakefront trails."
TOR_131,Hanlan’s Point Beach,park,false,Toronto Islands,ferry,low,3,friends,"Island beach","Bring sunscreen","Hanlan’s Point Beach is a popular island beach."
TOR_132,Centre Island Beach,park,false,Toronto Islands,ferry,low,3,family,"Family beach","Bring snacks","Centre Island Beach is ideal for families."
TOR_133,Ward’s Island Cafe,food,true,Toronto Islands,ferry,medium,1,date,"Cozy cafe","Great brunch","Ward’s Island Cafe offers relaxed brunch."
TOR_134,Island Bike Rentals,activity,false,Toronto Islands,ferry,medium,2,family,"Bike rentals","Book early","Rent bikes to explore Toronto Islands."
TOR_135,Bluffer’s Park Marina,park,false,Scarborough,bus,low,2,date,"Cliff views","Bring camera","Bluffer’s Park offers scenic marina views."
TOR_136,Scarborough Beach Park,park,false,Scarborough,bus,low,2,family,"Picnic areas","Summer visit","Scarborough Beach Park is family friendly."
TOR_137,Toronto Public Library Reference,landmark,true,Downtown,subway,low,1,solo,"Architecture, reading","Quiet workspace","Toronto Reference Library is an iconic library."
TOR_138,Gladstone Hotel,entertainment,true,West End,streetcar,medium,2,date,"Art hotel","Check events","Gladstone Hotel hosts art events."
TOR_139,Glad Day Bookshop,shopping,true,Downtown,streetcar,low,1,solo,"Bookstore cafe","Browse books","Glad Day is a famous bookstore cafe."
TOR_140,Bloor Street Culture Corridor,landmark,false,Downtown,subway,low,2,solo,"Museums, galleries","Walk the corridor","Bloor Street corridor hosts cultural attractions."
TOR_141,Hot Black Coffee,food,true,Downtown,streetcar,low,1,solo,"Specialty coffee","Try latte","Hot Black Coffee is a cozy cafe."
TOR_142,Jimmy’s Coffee,food,true,Citywide,streetcar,low,1,solo,"Local coffee chain","Great quick stop","Jimmy’s Coffee is a popular Toronto cafe."
TOR_143,Neo Coffee Bar,food,true,Downtown,streetcar,medium,1,date,"Japanese desserts","Try matcha","Neo Coffee Bar offers desserts and coffee."
TOR_144,Rooster Coffee House,food,true,East End,streetcar,low,1,solo,"Coffee with views","Try espresso","Rooster Coffee House has skyline views."
TOR_145,Boxcar Social,food,true,Downtown,streetcar,medium,1,date,"Coffee and wine","Visit evening","Boxcar Social serves coffee and wine."
TOR_146,Dineen Coffee Co,food,true,Downtown,streetcar,medium,1,date,"Historic cafe","Great brunch","Dineen Coffee Co is a stylish cafe."
TOR_147,Page One Cafe,food,true,Downtown,streetcar,low,1,solo,"Study cafe","Quiet workspace","Page One Cafe is great for studying."
TOR_148,Snakes & Lattes,entertainment,true,Downtown,streetcar,medium,2,friends,"Board games cafe","Reserve table","Snakes & Lattes offers board games and food."
TOR_149,FreePlay Arcade Bar,nightlife,true,Downtown,streetcar,medium,2,friends,"Retro arcade","Try classic games","FreePlay Arcade Bar offers games and drinks."
TOR_150,Storm Crow Manor Boardgames,entertainment,true,Downtown,streetcar,medium,2,friends,"Boardgames dining","Reserve ahead","Storm Crow offers themed boardgame dining."
TOR_151,The Danforth,neighborhood,false,East End,subway,low,2,friends,"Greek restaurants, nightlife","Visit evening","The Danforth is a lively neighborhood known for Greek food and nightlife."
TOR_152,Danforth Music Hall,entertainment,true,East End,subway,medium,2,friends,"Concert venue","Check show calendar","Danforth Music Hall hosts concerts and performances."
TOR_153,The Fox Theatre,entertainment,true,East End,subway,low,2,date,"Vintage cinema","Great date night","The Fox Theatre is a historic movie theater."
TOR_154,Beaches Jazz Festival,festival,false,East End,streetcar,low,3,friends,"Live jazz, street festival","Check summer dates","Beaches Jazz Festival features outdoor concerts."
TOR_155,Woodbine Park,park,false,East End,streetcar,low,2,family,"Green space, events","Bring picnic","Woodbine Park is a large park near the beach."
TOR_156,Ashbridges Bay Park,park,false,East End,streetcar,low,2,date,"Lake views, trails","Great sunset","Ashbridges Bay Park offers waterfront trails."
TOR_157,Leslie Street Spit,park,false,East End,bike,low,3,solo,"Bird watching, cycling","Bring water","Leslie Street Spit is a nature trail peninsula."
TOR_158,Don Valley Trails,park,false,Citywide,bike,low,3,solo,"Cycling trails","Bring bike","Don Valley Trails offer scenic cycling routes."
TOR_159,Beltline Trail,park,false,Midtown,bike,low,2,solo,"Urban hiking","Great fall walk","Beltline Trail is a popular urban hiking route."
TOR_160,Mount Pleasant Cemetery,park,false,Midtown,subway,low,1.5,solo,"Historic cemetery","Peaceful walk","Mount Pleasant Cemetery offers quiet walking paths."
TOR_161,Toronto Music Garden,park,false,Harbourfront,streetcar,low,1,date,"Garden, concerts","Visit summer concerts","Toronto Music Garden hosts free concerts."
TOR_162,Sugar Factory Candy Store,shopping,true,Downtown,streetcar,medium,1,family,"Candy shop","Fun for kids","Sugar Factory is a colorful candy store."
TOR_163,Blue Banana Market,shopping,true,Kensington,streetcar,low,1,friends,"Local gifts","Browse souvenirs","Blue Banana sells local gifts."
TOR_164,Spacing Store,shopping,true,Downtown,streetcar,low,1,solo,"Toronto themed gifts","Great souvenirs","Spacing Store offers Toronto themed merchandise."
TOR_165,Toronto Eaton Centre Bridge,landmark,true,Downtown,subway,low,0.5,solo,"Glass bridge","Quick photo stop","The Eaton Centre bridge is a popular photo spot."
TOR_166,Toronto Railway Museum,museum,true,Downtown,streetcar,low,1,family,"Historic trains","Good for kids","Toronto Railway Museum showcases train history."
TOR_167,The Power Plant Gallery,museum,true,Harbourfront,streetcar,low,1,solo,"Contemporary art","Free entry","The Power Plant is a free contemporary art gallery."
TOR_168,MOCA Toronto,museum,true,West End,subway,medium,2,solo,"Modern art","Check exhibits","MOCA Toronto features contemporary exhibitions."
TOR_169,The Bentway,park,false,Downtown,streetcar,low,1,date,"Under highway park","Winter skating","The Bentway hosts events and skating."
TOR_170,Underpass Park,park,false,Downtown,streetcar,low,1,family,"Playground","Great for kids","Underpass Park is an urban playground."
TOR_171,Downsview Park,park,false,North,bus,low,2,family,"Large park","Bring picnic","Downsview Park offers open green spaces."
TOR_172,Earl Bales Park,park,false,North York,bus,low,2,family,"Winter skiing","Visit winter","Earl Bales Park offers ski hills."
TOR_173,Centennial Park,park,false,Etobicoke,bus,low,2,family,"Sports fields","Family friendly","Centennial Park offers sports and picnic areas."
TOR_174,Colonel Samuel Smith Park,park,false,Etobicoke,bus,low,2,date,"Waterfront views","Bird watching","Colonel Samuel Smith Park offers lakeside trails."
TOR_175,Humber River Trail,park,false,Etobicoke,bike,low,3,solo,"Cycling trail","Bring bike","Humber River Trail is great for cycling."
TOR_176,Black Creek Trail,park,false,North,bike,low,3,solo,"Nature trail","Bring water","Black Creek Trail is ideal for cycling."
TOR_177,Don Mills Trail,park,false,North,bike,low,3,solo,"Cycling route","Wear helmet","Don Mills Trail offers scenic cycling."
TOR_178,Kay Gardner Beltline,park,false,Midtown,bike,low,2,solo,"Historic rail trail","Good fall walk","Kay Gardner Beltline is a historic trail."
TOR_179,Christie Pits Park,park,false,West End,subway,low,2,friends,"Picnics, baseball","Busy summer evenings","Christie Pits is a lively local park."
TOR_180,Dufferin Grove Park,park,false,West End,streetcar,low,2,family,"Playground, farmers market","Visit weekends","Dufferin Grove Park hosts markets and events."
TOR_181,Kew Gardens,park,false,East End,streetcar,low,1.5,family,"Beach park, playground","Great summer visit","Kew Gardens is a family friendly park near the beach."
TOR_182,Berczy Park,park,false,Downtown,subway,low,1,solo,"Dog fountain","Quick photo stop","Berczy Park features a famous dog fountain."
TOR_183,St James Park,park,false,Downtown,streetcar,low,1,solo,"Gardens, cathedral views","Quiet lunchtime spot","St James Park is a peaceful downtown park."
TOR_184,Allan Lamport Stadium,landmark,false,West End,streetcar,low,1,friends,"Sports stadium","Check events","Lamport Stadium hosts local sports."
TOR_185,Varsity Stadium,landmark,false,Downtown,subway,low,1,friends,"University sports","Check games","Varsity Stadium hosts university sports."
TOR_186,University of Toronto Campus,landmark,false,Downtown,subway,low,2,solo,"Historic campus","Great architecture","UofT campus offers beautiful architecture and walking paths."
TOR_187,Hart House,landmark,true,Downtown,subway,low,1,solo,"Historic building","Visit courtyard","Hart House is a historic campus building."
TOR_188,Thomas Fisher Rare Book Library,landmark,true,Downtown,subway,low,1,solo,"Rare books","Quiet visit","Thomas Fisher Library houses rare books."
TOR_189,Bata Shoe Museum Shop,shopping,true,Downtown,subway,low,1,solo,"Museum gift shop","Browse souvenirs","Bata Shoe Museum shop offers unique gifts."
TOR_190,Indigo Bookstore Eaton Centre,shopping,true,Downtown,subway,low,1,solo,"Books, gifts","Relaxed browsing","Indigo is a large bookstore at Eaton Centre."
TOR_191,Toronto Comic Arts Festival,festival,true,Downtown,streetcar,low,2,friends,"Comics festival","Check spring dates","TCAF celebrates comics and art."
TOR_192,Fan Expo Canada,festival,true,Downtown,subway,medium,4,friends,"Comics, gaming","Buy tickets early","Fan Expo is a large pop culture convention."
TOR_193,One of a Kind Show,festival,true,Exhibition,bus,medium,3,shopping,"Craft market","Visit holiday season","One of a Kind Show features handmade crafts."
TOR_194,Toronto Vintage Show,festival,true,Citywide,streetcar,medium,2,shopping,"Vintage clothing","Bring cash","Toronto Vintage Show hosts retro fashion vendors."
TOR_195,Toronto Outdoor Art Fair,festival,false,Downtown,streetcar,low,2,solo,"Outdoor art","Summer event","Outdoor Art Fair features local artists."
TOR_196,Stackt Holiday Market,festival,false,Downtown,streetcar,low,2,date,"Holiday shopping","Visit evening","Stackt hosts seasonal holiday markets."
TOR_197,The Rex Jazz Bar,nightlife,true,Downtown,streetcar,low,2,friends,"Live jazz","Arrive early","The Rex hosts nightly jazz shows."
TOR_198,Cameron House,nightlife,true,Downtown,streetcar,low,2,friends,"Live music","Check schedule","Cameron House is a live music venue."
TOR_199,Dakota Tavern,nightlife,true,West End,streetcar,low,2,friends,"Country music","Great live shows","Dakota Tavern hosts country music nights."
TOR_200,Handlebar Bar,nightlife,true,West End,streetcar,low,2,friends,"Casual bar","Relaxed vibe","Handlebar is a laid back neighborhood bar."
TOR_201,Early Mercy Coffee,food,true,West End,streetcar,low,1,solo,"Specialty coffee","Great pastries","Early Mercy Coffee is a cozy cafe."
TOR_202,Sam James Coffee Bar,food,true,Downtown,streetcar,low,1,solo,"Espresso bar","Quick coffee stop","Sam James Coffee Bar serves specialty coffee."
TOR_203,De Mello Coffee,food,true,Midtown,subway,low,1,solo,"Local roastery","Try espresso","De Mello Coffee is a popular roastery."
TOR_204,Propeller Coffee Co,food,true,Downtown,streetcar,low,1,solo,"Coffee roastery","Visit morning","Propeller Coffee roasts locally."
TOR_205,Forno Cultura,food,true,Downtown,streetcar,medium,1,date,"Italian bakery","Try pastries","Forno Cultura offers Italian baked goods."
TOR_206,Le Gourmand,food,true,Downtown,streetcar,low,1,solo,"Cookies","Try chocolate chip","Le Gourmand is famous for cookies."
TOR_207,Machino Donuts,food,true,Downtown,streetcar,low,1,friends,"Artisan donuts","Try seasonal flavors","Machino Donuts offers artisan donuts."
TOR_208,Bloomers Donuts,food,true,West End,streetcar,low,1,friends,"Vegan donuts","Try apple fritter","Bloomers is a vegan donut shop."
TOR_209,The Night Baker,food,true,Downtown,streetcar,low,1,date,"Late night cookies","Visit evening","The Night Baker offers late night treats."
TOR_210,Butter Baker Market Cafe,food,true,Downtown,streetcar,medium,1,date,"Desserts, brunch","Try cakes","Butter Baker offers desserts and brunch."
TOR_211,Mildred’s Temple Kitchen,food,true,Liberty Village,streetcar,medium,1.5,date,"Famous brunch","Try pancakes","Mildred’s Temple Kitchen is a popular brunch restaurant in Liberty Village."
TOR_212,School Restaurant,food,true,Liberty Village,streetcar,medium,1.5,date,"Brunch spot","Reserve weekend","School Restaurant serves modern brunch and comfort food."
TOR_213,Liberty Village Market,shopping,false,Liberty Village,streetcar,low,1,friends,"Boutiques, cafes","Weekend visit","Liberty Village offers trendy shops and cafes."
TOR_214,Liberty Soho Rooftop,nightlife,true,Liberty Village,streetcar,medium,2,date,"Rooftop drinks","Visit sunset","Liberty Soho offers rooftop cocktails."
TOR_215,Budweiser Stage,entertainment,false,Exhibition,streetcar,medium,3,friends,"Outdoor concerts","Check summer shows","Budweiser Stage hosts outdoor summer concerts."
TOR_216,Exhibition Place Grounds,park,false,Exhibition,streetcar,low,2,solo,"Historic buildings","Nice walk","Exhibition Place offers large open grounds and historic buildings."
TOR_217,CNE Fairgrounds,festival,false,Exhibition,streetcar,medium,4,family,"Annual fair","Visit August","The CNE is a large annual fair with rides and food."
TOR_218,Ontario Science Centre IMAX,entertainment,true,North York,bus,medium,1.5,family,"IMAX theatre","Check showtimes","Ontario Science Centre features IMAX movies."
TOR_219,Aga Khan Park,park,false,North York,bus,low,1.5,date,"Reflecting pools","Peaceful walk","Aga Khan Park offers modern gardens and walkways."
TOR_220,Edwards Gardens Cafe,food,true,North York,bus,medium,1,date,"Cafe with garden views","Visit spring","Cafe inside Edwards Gardens offers relaxing dining."
TOR_221,Yorkville Park,park,false,Downtown,subway,low,1,date,"Urban park","Quick stop","Village of Yorkville Park offers city relaxation."
TOR_222,Hazelton Lanes,shopping,true,Yorkville,subway,high,1,shopping,"Luxury mall","Window shop","Hazelton Lanes features upscale boutiques."
TOR_223,Manulife Centre,shopping,true,Yorkville,subway,medium,1,shopping,"Mall, cinema","Quick visit","Manulife Centre offers shopping and movie theatre."
TOR_224,Cineplex VIP Cinema,entertainment,true,Yorkville,subway,high,2,date,"Luxury cinema","Reserve seats","VIP Cinema offers premium movie experience."
TOR_225,ROM Crystal Entrance,landmark,true,Downtown,subway,low,0.5,solo,"Modern architecture","Photo stop","The ROM Crystal entrance is iconic architecture."
TOR_226,Spadina Museum Gardens,park,false,Midtown,bus,low,1,solo,"Historic gardens","Combine Casa Loma","Spadina Museum gardens offer peaceful walks."
TOR_227,Toronto Harbour Cruises,tour,false,Harbourfront,boat,medium,2,date,"Boat cruise","Book sunset cruise","Harbour cruises offer skyline views from water."
TOR_228,City Cruises Dinner Cruise,tour,false,Harbourfront,boat,high,3,date,"Dinner cruise","Dress smart","Dinner cruises offer dining on Lake Ontario."
TOR_229,Toronto Tall Ship Kajama,tour,false,Harbourfront,boat,medium,2,friends,"Sailing ship","Book tickets","Kajama offers sailing tours."
TOR_230,Island Sunset Kayak Tour,activity,false,Harbourfront,boat,medium,2,date,"Kayaking tour","Book ahead","Kayak tours explore Toronto Islands."
TOR_231,Paddleboard Harbour Tour,activity,false,Harbourfront,boat,medium,2,solo,"Paddleboarding","Wear sunscreen","Paddleboard tours explore harbour."
TOR_232,Harbourfront Canoe & Kayak Centre,activity,false,Harbourfront,boat,medium,2,friends,"Rent kayaks","Book early","Rent kayaks to explore Toronto Harbour."
TOR_233,Queen’s Quay Walk,park,false,Harbourfront,streetcar,low,1,date,"Waterfront walk","Best sunset","Queen’s Quay offers scenic lakeside walks."
TOR_234,Toronto Ferry Terminal,landmark,false,Harbourfront,streetcar,low,1,solo,"Gateway to islands","Photo stop","Toronto Ferry Terminal connects to islands."
TOR_235,Jack Layton Ferry Terminal,landmark,false,Harbourfront,streetcar,low,1,solo,"Harbour views","Quick visit","Jack Layton Terminal offers lake views."
TOR_236,Sherbourne Market,food,true,Downtown,streetcar,low,1,foodies,"Food court","Lunch visit","Sherbourne Market offers diverse vendors."
TOR_237,Stakt Coffee Market,food,true,Downtown,streetcar,low,1,solo,"Coffee vendors","Morning visit","Stackt hosts coffee vendors."
TOR_238,Balzac’s Coffee Distillery,food,true,Distillery,streetcar,medium,1,date,"Historic cafe","Try latte","Balzac’s Coffee offers cozy cafe vibes."
TOR_239,Arvo Coffee,food,true,Distillery,streetcar,medium,1,date,"Minimalist cafe","Great brunch","Arvo Coffee serves brunch and coffee."
TOR_240,Cluny Bistro,food,true,Distillery,streetcar,high,2,date,"French dining","Reserve seats","Cluny Bistro offers French cuisine in Distillery District."
TOR_241,Mill Street Brewery,food,true,Distillery,streetcar,medium,1.5,friends,"Craft beer","Try tasting flight","Mill Street Brewery offers craft beer tastings."
TOR_242,Spirit of York Distillery,tour,true,Distillery,streetcar,medium,1.5,friends,"Distillery tours","Book tasting","Spirit of York offers gin distillery tours."
TOR_243,Distillery District Light Tunnel,landmark,false,Distillery,streetcar,low,0.5,date,"Light tunnel","Night photos","The Distillery Light Tunnel is a popular photo spot."
TOR_244,Young Centre Theatre,entertainment,true,Distillery,streetcar,medium,2,date,"Theatre performances","Check shows","Young Centre hosts theatre performances."
TOR_245,Soulpepper Theatre,entertainment,true,Distillery,streetcar,medium,2,date,"Live theatre","Reserve tickets","Soulpepper Theatre offers live performances."
TOR_246,Toronto Sculpture Garden,park,false,Downtown,streetcar,low,1,solo,"Outdoor art","Quick visit","Toronto Sculpture Garden showcases outdoor art."
TOR_247,Mackenzie House,museum,true,Downtown,streetcar,low,1,solo,"Historic house","Short visit","Mackenzie House is a historic museum."
TOR_248,Market Street Arcade,shopping,true,Downtown,streetcar,low,1,friends,"Local shops","Browse souvenirs","Market Street Arcade hosts local vendors."
TOR_249,St James Cathedral,landmark,true,Downtown,streetcar,low,1,solo,"Historic church","Quiet visit","St James Cathedral is a historic landmark."
TOR_250,Brookfield Place,shopping,true,Downtown,subway,medium,1,solo,"Glass atrium","Photo stop","Brookfield Place features a stunning glass atrium."
TOR_251,Allen Lambert Galleria,landmark,true,Downtown,subway,low,0.5,solo,"Famous architecture","Quick photo stop","Allen Lambert Galleria is an iconic indoor space."
TOR_252,The Path Skywalks,landmark,true,Downtown,subway,low,1,solo,"Underground paths","Winter friendly","PATH Skywalks connect downtown buildings."
TOR_253,First Canadian Place Food Court,food,true,Downtown,subway,low,1,foodies,"Lunch options","Visit weekdays","Food court at First Canadian Place offers many vendors."
TOR_254,TD Centre Plaza,landmark,false,Downtown,subway,low,0.5,solo,"Modern architecture","Quick visit","TD Centre Plaza features modern office towers."
TOR_255,Commerce Court,landmark,true,Downtown,subway,low,0.5,solo,"Historic banking hall","Short visit","Commerce Court hosts historic banking architecture."
TOR_256,The Well Rooftop Terrace,park,false,Downtown,streetcar,low,1,date,"City views","Visit evening","The Well rooftop terrace offers skyline views."
TOR_257,King Street West Nightlife,nightlife,false,Downtown,streetcar,medium,3,friends,"Clubs and bars","Visit weekend nights","King Street West is known for nightlife."
TOR_258,Baro Rooftop,nightlife,true,Downtown,streetcar,high,2,date,"Latin rooftop bar","Reserve ahead","Baro offers rooftop cocktails and Latin cuisine."
TOR_259,Kost Rooftop,nightlife,true,Downtown,streetcar,high,2,date,"Poolside views","Dress smart","Kost rooftop offers skyline dining."
TOR_260,Harriet’s Rooftop,nightlife,true,Downtown,streetcar,high,2,date,"Rooftop lounge","Sunset visit","Harriet’s Rooftop offers drinks with views."
TOR_261,Lavelle Rooftop,nightlife,true,Downtown,streetcar,high,2,date,"Luxury rooftop","Book ahead","Lavelle offers upscale rooftop experiences."
TOR_262,The Fifth Social Club,nightlife,true,Downtown,streetcar,medium,2,friends,"Dance club","Weekend nights","The Fifth Social Club is a popular nightclub."
TOR_263,The Madison Pub,nightlife,true,Midtown,subway,low,2,friends,"Multi-room pub","Casual vibe","The Madison is a large student pub."
TOR_264,Hair of the Dog,nightlife,true,Downtown,streetcar,low,2,friends,"Sports bar","Casual night out","Hair of the Dog is a relaxed sports bar."
TOR_265,Score on King,nightlife,true,Downtown,streetcar,medium,2,friends,"Sports bar","Try giant caesar","Score on King serves fun bar food."
TOR_266,Real Sports Bar,nightlife,true,Downtown,subway,medium,2,friends,"Huge screens","Game nights","Real Sports Bar is a major sports venue."
TOR_267,Craft Beer Market,nightlife,true,Downtown,streetcar,medium,2,friends,"Beer selection","Try flights","Craft Beer Market offers many beer options."
TOR_268,Left Field Brewery,nightlife,true,East End,streetcar,medium,2,friends,"Craft beer","Relaxed vibe","Left Field Brewery serves craft beer."
TOR_269,Burdock Brewery,nightlife,true,West End,streetcar,medium,2,friends,"Brewery patio","Try sour beers","Burdock Brewery offers craft beer and music."
TOR_270,Rorschach Brewing,nightlife,true,East End,streetcar,medium,2,friends,"Creative beers","Try flights","Rorschach Brewing offers experimental brews."
TOR_271,Great Lakes Brewery,nightlife,true,Etobicoke,bus,medium,2,friends,"Craft beer","Try seasonal beers","Great Lakes Brewery offers craft beer tastings and tours."
TOR_272,Junction Craft Brewing,nightlife,true,West End,streetcar,medium,2,friends,"Brewery tours","Relaxed vibe","Junction Craft Brewing is a popular local brewery."
TOR_273,Blood Brothers Brewing,nightlife,true,West End,streetcar,medium,2,friends,"Creative beers","Try tasting flights","Blood Brothers Brewing offers experimental craft beers."
TOR_274,Black Lab Brewing,nightlife,true,East End,streetcar,medium,2,friends,"Dog friendly brewery","Bring friends","Black Lab Brewing is a dog-friendly craft brewery."
TOR_275,Bandit Brewery,nightlife,true,West End,streetcar,medium,2,friends,"Brewery patio","Summer visits","Bandit Brewery offers a lively patio and craft beer."
TOR_276,Trillium Park Lookout,landmark,false,West End,streetcar,low,1,date,"Lake Ontario views","Sunset visit","Trillium Park lookout offers scenic lake views."
TOR_277,Sunset at Humber Bay Arch Bridge,landmark,false,Etobicoke,bus,low,1,date,"Bridge sunset views","Visit evening","Humber Bay Arch Bridge is a romantic sunset spot."
TOR_278,RC Harris Water Treatment Plant,landmark,false,East End,bus,low,1,solo,"Art deco architecture","Photo spot","RC Harris Water Treatment Plant is famous for architecture."
TOR_279,Tommy Thompson Lighthouse,landmark,false,East End,bike,low,2,solo,"Nature views","Bring bike","Tommy Thompson Lighthouse offers scenic views."
TOR_280,Scarborough Guild Park,park,false,Scarborough,bus,low,2,date,"Historic ruins","Great photography","Guild Park features historic architecture ruins."
TOR_281,Evergreen Garden Market,shopping,false,Midtown,bus,low,1,shopping,"Local vendors","Weekend visit","Evergreen Garden Market hosts local vendors."
TOR_282,Toronto Flower Market,shopping,false,Downtown,streetcar,low,1,date,"Seasonal flowers","Visit spring/summer","Toronto Flower Market sells seasonal flowers."
TOR_283,Union Summer Market,food,false,Downtown,streetcar,low,1,friends,"Outdoor food stalls","Summer visit","Union Summer Market offers seasonal food vendors."
TOR_284,Smorgasburg Toronto,food,false,Waterfront,streetcar,medium,2,friends,"Food festival","Weekend event","Smorgasburg Toronto hosts outdoor food vendors."
TOR_285,The Bentway Skate Trail,activity,false,Downtown,streetcar,low,2,date,"Winter skating","Dress warm","The Bentway Skate Trail offers winter skating under the highway."
TOR_286,Snowshoeing in Rouge Park,activity,false,East,bus,low,3,solo,"Winter hiking","Wear warm clothes","Rouge Park offers winter snowshoeing trails."
TOR_287,Skiing at Earl Bales,activity,false,North York,bus,medium,3,family,"Urban skiing","Rent equipment","Earl Bales Park offers ski slopes."
TOR_288,Tobogganing at Riverdale Park,activity,false,East End,streetcar,low,2,family,"Winter sledding","Bring sled","Riverdale Park offers winter tobogganing."
TOR_289,Winter Village Distillery Ice Skating,activity,false,Distillery,streetcar,medium,2,date,"Holiday skating","Book tickets","Distillery Winter Village offers ice skating."
TOR_290,Toronto Botanical Garden Winter Lights,festival,false,North York,bus,medium,2,date,"Light installations","Evening visit","Winter lights festival at Toronto Botanical Garden."
TOR_291,Spring Cherry Blossoms High Park,seasonal,false,West End,subway,low,2,date,"Cherry blossoms","Visit early morning","High Park cherry blossoms bloom in spring."
TOR_292,Summer Outdoor Movies Christie Pits,festival,false,West End,subway,low,2,friends,"Outdoor cinema","Bring blanket","Christie Pits hosts outdoor movie nights."
TOR_293,Fall Colours Don Valley,seasonal,false,Citywide,bike,low,2,solo,"Autumn foliage","Visit October","Don Valley offers fall color trails."
TOR_294,Toronto Marathon Event,festival,false,Citywide,subway,low,3,solo,"City marathon","Check spring dates","Toronto Marathon runs through the city."
TOR_295,Toronto Waterfront Marathon,festival,false,Citywide,subway,low,3,solo,"Scenic marathon","Check fall dates","Waterfront Marathon runs along the lake."
TOR_296,Doors Open Toronto,festival,true,Citywide,subway,low,3,solo,"Open buildings","Annual event","Doors Open Toronto opens historic buildings to public."
TOR_297,Nuit Blanche Toronto,festival,false,Citywide,subway,low,4,friends,"All night art festival","Stay late","Nuit Blanche is an overnight art festival."
TOR_298,Winter Stations Art Installations,festival,false,East End,streetcar,low,2,solo,"Winter beach art","Visit daytime","Winter Stations displays art on beaches."
TOR_299,Toronto Food Truck Festival,festival,false,Citywide,streetcar,low,2,friends,"Food trucks","Weekend event","Food Truck Festival hosts many vendors."
TOR_300,Toronto Garlic Festival,festival,false,Citywide,bus,low,2,foodies,"Garlic themed food","Fall event","Toronto Garlic Festival celebrates garlic cuisine."